"enrollment_id","student_id","section_id","enrollment_date","final_grade"
100,5011,10,"2025-08-15","3.7"
101,5012,11,"2025-08-16","3.9"
102,5013,10,"2025-08-15","3.2"
103,5014,12,"2025-08-17","4"
104,5015,13,"2025-08-18","3.8"
105,5016,11,"2025-08-16","3.5"
106,5017,13,"2025-08-18","3.1"
107,5018,10,"'2025-08-15'","3.7"
108,5019,12,"'2025-08-17'","3.3"
109,5020,11,"'2025-08-16'","2.9"
110,5021,13,"'2025-08-18'","3"
111,5022,10,"'2025-08-15'","3.6"
112,5023,12,"'2025-08-17'","3.9"
113,5024,11,"'2025-08-16'","3.1"
114,5025,13,"'2025-08-18'","3.4"
115,5026,10,"'2025-08-15'","4"
116,5027,12,"'2025-08-17'","2.5"
117,5028,11,"'2025-08-16'","3.8"
118,5029,13,"'2025-08-18'","3.2"
119,5030,10,"'2025-08-15'","3.9"
120,5031,12,"'2025-08-17'","3.5"
121,5032,11,"'2025-08-16'","3.6"
122,5033,13,"'2025-08-18'","2.8"
123,5034,14,"'2025-08-19'","3.9"
124,5035,15,"'2025-08-20'","3"
125,5036,16,"'2025-08-21'","3.7"
126,5037,17,"'2025-08-22'","3.2"
127,5038,18,"'2025-08-23'","3.5"
128,5039,19,"'2025-08-24'","3.8"
129,5040,20,"'2025-08-25'","3.1"
130,5041,21,"'2025-08-26'","3.4"
131,5042,22,"'2025-08-27'","4"
132,5043,23,"'2025-08-28'","2.5"
133,5044,24,"'2025-08-29'","3.9"
134,5045,25,"'2025-08-30'","3.3"
135,5046,26,"'2025-08-31'","2.9"
136,5047,27,"'2025-09-01'","3"
137,5048,28,"'2025-09-02'","3.6"
138,5049,29,"'2025-09-03'","3.9"
139,5050,30,"'2025-09-04'","3.1"
140,5051,31,"'2025-09-05'","3.4"
141,5052,32,"'2025-09-06'","4"
142,5053,33,"'2025-09-07'","2.5"
143,5054,34,"'2025-09-08'","3.8"
144,5055,35,"'2025-09-09'","3.2"
145,5056,36,"'2025-09-10'","3.9"
146,5057,37,"'2025-09-11'","3.5"
147,5058,38,"'2025-09-12'","3.6"
148,5059,39,"'2025-09-13'","2.8"
149,5060,40,"'2025-09-14'","3.9"
150,5061,41,"'2025-09-15'","3"
151,5062,42,"'2025-09-16'","3.7"
152,5063,43,"'2025-09-17'","3.2"
153,5064,44,"'2025-09-18'","3.5"
154,5065,45,"'2025-09-19'","3.8"
155,5066,46,"'2025-09-20'","3.1"
156,5067,47,"'2025-09-21'","3.4"
157,5068,48,"'2025-09-22'","4"
158,5069,49,"'2025-09-23'","2.5"
159,5070,50,"'2025-09-24'","3.9"
160,5071,51,"'2025-09-25'","3.3"
161,5072,52,"'2025-09-26'","2.9"
162,5073,53,"'2025-09-27'","3"
163,5074,54,"'2025-09-28'","3.6"
164,5075,55,"'2025-09-29'","3.9"
165,5076,56,"'2025-09-30'","3.1"
166,5077,57,"'2025-10-01'","3.4"
167,5078,58,"'2025-10-02'","4"
168,5079,59,"'2025-10-03'","2.5"
169,5080,60,"'2025-10-04'","3.8"
170,5081,10,"'2025-10-05'","3.2"
171,5082,11,"'2025-10-06'","3.9"
172,5083,12,"'2025-10-07'","3.5"
173,5084,13,"'2025-10-08'","3.6"
174,5085,14,"'2025-10-09'","2.8"
175,5086,15,"'2025-10-10'","3.9"
176,5087,16,"'2025-10-11'","3"
177,5088,17,"'2025-10-12'","3.7"
178,5089,18,"'2025-10-13'","3.2"
179,5090,19,"'2025-10-14'","3.5"
180,5091,20,"'2025-10-15'","3.8"
181,5092,21,"'2025-10-16'","3.1"
182,5093,22,"'2025-10-17'","3.4"
183,5094,23,"'2025-10-18'","4"
184,5095,24,"'2025-10-19'","2.5"
185,5096,25,"'2025-10-20'","3.9"
186,5097,26,"'2025-10-21'","3.3"
187,5098,27,"'2025-10-22'","2.9"
188,5099,28,"'2025-10-23'","3"
189,5100,29,"'2025-10-24'","3.6"
190,5101,30,"'2025-10-25'","3.9"
191,5102,31,"'2025-10-26'","3.1"
192,5103,32,"'2025-10-27'","3.4"
193,5104,33,"'2025-10-28'","4"
194,5105,34,"'2025-10-29'","2.5"
195,5106,35,"'2025-10-30'","3.8"
196,5107,36,"'2025-10-31'","3.2"
197,5108,37,"'2025-11-01'","3.9"
198,5109,38,"'2025-11-02'","3.5"
199,5110,39,"'2025-11-03'","3.6"
200,5111,40,"'2025-11-04'","2.8"
201,5112,41,"'2025-11-05'","3.9"
202,5113,42,"'2025-11-06'","3"
203,5114,43,"'2025-11-07'","3.7"
204,5115,44,"'2025-11-08'","3.2"
205,5116,45,"'2025-11-09'","3.5"
206,5117,46,"'2025-11-10'","3.8"
207,5118,47,"'2025-11-11'","3.1"
208,5119,48,"'2025-11-12'","3.4"
209,5120,49,"'2025-11-13'","4"
210,5121,50,"'2025-11-14'","2.5"
211,5122,51,"'2025-11-15'","3.9"
212,5123,52,"'2025-11-16'","3.3"
213,5124,53,"'2025-11-17'","2.9"
214,5125,54,"'2025-11-18'","3"
215,5126,55,"'2025-11-19'","3.6"
216,5127,56,"'2025-11-20'","3.9"
217,5128,57,"'2025-11-21'","3.1"
218,5129,58,"'2025-11-22'","3.4"
219,5130,59,"'2025-11-23'","4"
220,5131,60,"'2025-11-24'","2.5"
221,5132,10,"'2025-11-25'","3.8"
222,5133,11,"'2025-11-26'","3.2"
223,5134,12,"'2025-11-27'","3.9"
224,5135,13,"'2025-11-28'","3.5"
225,5136,14,"'2025-11-29'","3.6"
226,5137,15,"'2025-11-30'","2.8"
227,5138,16,"'2025-12-01'","3.9"
228,5139,17,"'2025-12-02'","3"
229,5140,18,"'2025-12-03'","3.7"
230,5141,19,"'2025-12-04'","3.2"
231,5142,20,"'2025-12-05'","3.5"
232,5143,21,"'2025-12-06'","3.8"
233,5144,22,"'2025-12-07'","3.1"
234,5145,23,"'2025-12-08'","3.4"
235,5146,24,"'2025-12-09'","4"
236,5147,25,"'2025-12-10'","2.5"
237,5148,26,"'2025-12-11'","3.9"
238,5149,27,"'2025-12-12'","3.3"
239,5150,28,"'2025-12-13'","2.9"
240,5151,29,"'2025-12-14'","3"
241,5152,30,"'2025-12-15'","3.6"
242,5153,31,"'2025-12-16'","3.9"
243,5154,32,"'2025-12-17'","3.1"
244,5155,33,"'2025-12-18'","3.4"
245,5156,34,"'2025-12-19'","4"
246,5157,35,"'2025-12-20'","2.5"
247,5158,36,"'2025-12-21'","3.8"
248,5159,37,"'2025-12-22'","3.2"
249,5160,38,"'2025-12-23'","3.9"
250,5161,39,"'2025-12-24'","3.5"
251,5162,40,"'2025-12-25'","3.6"
252,5163,41,"'2025-12-26'","2.8"
253,5164,42,"'2025-12-27'","3.9"
254,5165,43,"'2025-12-28'","3"
255,5166,44,"'2025-12-29'","3.7"
256,5167,45,"'2025-12-30'","3.2"
257,5168,46,"'2025-12-31'","3.5"
258,5169,47,"'2026-01-01'","3.8"
259,5170,48,"'2026-01-02'","3.1"
260,5171,49,"'2026-01-03'","3.4"
261,5172,50,"'2026-01-04'","4"
262,5173,51,"'2026-01-05'","2.5"
263,5174,52,"'2026-01-06'","3.9"
264,5175,53,"'2026-01-07'","3.3"
265,5176,54,"'2026-01-08'","2.9"
266,5177,55,"'2026-01-09'","3"
267,5178,56,"'2026-01-10'","3.6"
268,5179,57,"'2026-01-11'","3.9"
269,5180,58,"'2026-01-12'","3.1"
270,5181,59,"'2026-01-13'","3.4"
271,5182,60,"'2026-01-14'","4"
272,5183,10,"'2026-01-15'","2.5"
273,5184,11,"'2026-01-16'","3.8"
274,5185,12,"'2026-01-17'","3.2"
275,5186,13,"'2026-01-18'","3.9"
276,5187,14,"'2026-01-19'","3.5"
277,5188,15,"'2026-01-20'","3.6"
278,5189,16,"'2026-01-21'","2.8"
279,5190,17,"'2026-01-22'","3.9"
280,5191,18,"'2026-01-23'","3"
281,5192,19,"'2026-01-24'","3.7"
282,5193,20,"'2026-01-25'","3.2"
283,5194,21,"'2026-01-26'","3.5"
284,5195,22,"'2026-01-27'","3.8"
285,5196,23,"'2026-01-28'","3.1"
286,5197,24,"'2026-01-29'","3.4"
287,5198,25,"'2026-01-30'","4"
288,5199,26,"'2026-01-31'","2.5"
289,5200,27,"'2026-02-01'","3.9"
290,5201,28,"'2026-02-02'","3.3"
291,5202,29,"'2026-02-03'","2.9"
292,5203,30,"'2026-02-04'","3"
293,5204,31,"'2026-02-05'","3.6"
294,5205,32,"'2026-02-06'","3.9"
295,5206,33,"'2026-02-07'","3.1"
296,5207,34,"'2026-02-08'","3.4"
297,5208,35,"'2026-02-09'","4"
298,5209,36,"'2026-02-10'","2.5"
299,5210,37,"'2026-02-11'","3.8"
301,5212,39,"'2026-02-13'","3.9"
302,5213,40,"'2026-02-14'","3.5"
303,5214,41,"'2026-02-15'","3.6"
304,5215,42,"'2026-02-16'","2.8"
305,5216,43,"'2026-02-17'","3.9"
306,5217,44,"'2026-02-18'","3"
307,5218,45,"'2026-02-19'","3.7"
308,5219,46,"'2026-02-20'","3.2"
309,5220,47,"'2026-02-21'","3.5"
310,5221,48,"'2026-02-22'","3.8"
311,5222,49,"'2026-02-23'","3.1"
312,5223,50,"'2026-02-24'","3.4"
313,5224,51,"'2026-02-25'","4"
314,5225,52,"'2026-02-26'","2.5"
315,5226,53,"'2026-02-27'","3.9"
316,5227,54,"'2026-02-28'","3.3"
317,5228,55,"'2026-03-01'","2.9"
318,5229,56,"'2026-03-02'","3"
319,5230,57,"'2026-03-03'","3.6"
320,5231,58,"'2026-03-04'","3.9"
321,5232,59,"'2026-03-05'","3.1"
322,5233,60,"'2026-03-06'","3.4"
323,5234,10,"'2026-03-07'","4"
324,5235,11,"'2026-03-08'","2.5"
325,5236,12,"'2026-03-09'","3.8"
326,5237,13,"'2026-03-10'","3.2"
327,5238,14,"'2026-03-11'","3.9"
328,5239,15,"'2026-03-12'","3.5"
329,5240,16,"'2026-03-13'","3.6"
330,5241,17,"'2026-03-14'","2.8"
331,5242,18,"'2026-03-15'","3.9"
332,5243,19,"'2026-03-16'","3"
333,5244,20,"'2026-03-17'","3.7"
334,5245,21,"'2026-03-18'","3.2"
335,5246,22,"'2026-03-19'","3.5"
336,5247,23,"'2026-03-20'","3.8"
337,5248,24,"'2026-03-21'","3.1"
338,5249,25,"'2026-03-22'","3.4"
339,5250,26,"'2026-03-23'","4"
340,5251,27,"'2026-03-24'","2.5"
341,5252,28,"'2026-03-25'","3.9"
342,5253,29,"'2026-03-26'","3.3"
343,5254,30,"'2026-03-27'","2.9"
344,5255,31,"'2026-03-28'","3"
345,5256,32,"'2026-03-29'","3.6"
346,5257,33,"'2026-03-30'","3.9"
347,5258,34,"'2026-03-31'","3.1"
348,5259,35,"'2026-04-01'","3.4"
349,5260,36,"'2026-04-02'","4"
350,5261,37,"'2026-04-03'","2.5"
351,5262,38,"'2026-04-04'","3.8"
352,5263,39,"'2026-04-05'","3.2"
353,5264,40,"'2026-04-06'","3.9"
354,5265,41,"'2026-04-07'","3.5"
355,5266,42,"'2026-04-08'","3.6"
356,5267,43,"'2026-04-09'","2.8"
357,5268,44,"'2026-04-10'","3.9"
358,5269,45,"'2026-04-11'","3"
359,5270,46,"'2026-04-12'","3.7"
360,5271,47,"'2026-04-13'","3.2"
361,5272,48,"'2026-04-14'","3.5"
362,5273,49,"'2026-04-15'","3.8"
363,5274,50,"'2026-04-16'","3.1"
364,5275,51,"'2026-04-17'","3.4"
365,5276,52,"'2026-04-18'","4"
366,5277,53,"'2026-04-19'","2.5"
367,5278,54,"'2026-04-20'","3.9"
368,5279,55,"'2026-04-21'","3.3"
369,5280,56,"'2026-04-22'","2.9"
370,5281,57,"'2026-04-23'","3"
371,5282,58,"'2026-04-24'","3.6"
372,5283,59,"'2026-04-25'","3.9"
373,5284,60,"'2026-04-26'","3.1"
374,5285,10,"'2026-04-27'","3.4"
375,5286,11,"'2026-04-28'","4"
376,5287,12,"'2026-04-29'","2.5"
377,5288,13,"'2026-04-30'","3.8"
378,5289,14,"'2026-05-01'","3.2"
379,5290,15,"'2026-05-02'","3.9"
380,5291,16,"'2026-05-03'","3.5"
381,5292,17,"'2026-05-04'","3.6"
382,5293,18,"'2026-05-05'","2.8"
383,5294,19,"'2026-05-06'","3.9"
384,5295,20,"'2026-05-07'","3"
385,5296,21,"'2026-05-08'","3.7"
386,5297,22,"'2026-05-09'","3.2"
387,5298,23,"'2026-05-10'","3.5"
388,5299,24,"'2026-05-11'","3.8"
389,5300,25,"'2026-05-12'","3.1"
390,5301,26,"'2026-05-13'","3.4"
391,5302,27,"'2026-05-14'","4"
392,5303,28,"'2026-05-15'","2.5"
393,5304,29,"'2026-05-16'","3.9"
394,5305,30,"'2026-05-17'","3.3"
395,5306,31,"'2026-05-18'","2.9"
396,5307,32,"'2026-05-19'","3"
397,5308,33,"'2026-05-20'","3.6"
398,5309,34,"'2026-05-21'","3.9"
399,5310,35,"'2026-05-22'","3.1"
400,5311,36,"'2026-05-23'","3.4"
401,5312,37,"'2026-05-24'","4"
402,5313,38,"'2026-05-25'","2.5"
403,5314,39,"'2026-05-26'","3.8"
404,5315,40,"'2026-05-27'","3.2"
405,5316,41,"'2026-05-28'","3.9"
406,5317,42,"'2026-05-29'","3.5"
407,5318,43,"'2026-05-30'","3.6"
408,5319,44,"'2026-05-31'","2.8"
409,5320,45,"'2026-06-01'","3.9"
410,5321,46,"'2026-06-02'","3"
411,5322,47,"'2026-06-03'","3.7"
412,5323,48,"'2026-06-04'","3.2"
413,5324,49,"'2026-06-05'","3.5"
414,5325,50,"'2026-06-06'","3.8"
415,5326,51,"'2026-06-07'","3.1"
416,5327,52,"'2026-06-08'","3.4"
417,5328,53,"'2026-06-09'","4"
418,5329,54,"'2026-06-10'","2.5"
419,5330,55,"'2026-06-11'","3.9"
420,5331,56,"'2026-06-12'","3.3"
421,5332,57,"'2026-06-13'","2.9"
422,5333,58,"'2026-06-14'","3"
423,5334,59,"'2026-06-15'","3.6"
424,5335,60,"'2026-06-16'","3.9"
425,5336,10,"'2026-06-17'","3.1"
426,5337,11,"'2026-06-18'","3.4"
427,5338,12,"'2026-06-19'","4"
428,5339,13,"'2026-06-20'","2.5"
429,5340,14,"'2026-06-21'","3.8"
430,5341,15,"'2026-06-22'","3.2"
431,5342,16,"'2026-06-23'","3.9"
432,5343,17,"'2026-06-24'","3.5"
433,5344,18,"'2026-06-25'","3.6"
434,5345,19,"'2026-06-26'","2.8"
435,5346,20,"'2026-06-27'","3.9"
436,5347,21,"'2026-06-28'","3"
437,5348,22,"'2026-06-29'","3.7"
438,5349,23,"'2026-06-30'","3.2"
439,5350,24,"'2026-07-01'","3.5"
440,5351,25,"'2026-07-02'","3.8"
441,5352,26,"'2026-07-03'","3.1"
442,5353,27,"'2026-07-04'","3.4"
443,5354,28,"'2026-07-05'","4"
444,5355,29,"'2026-07-06'","2.5"
445,5356,30,"'2026-07-07'","3.9"
446,5357,31,"'2026-07-08'","3.3"
447,5358,32,"'2026-07-09'","2.9"
448,5359,33,"'2026-07-10'","3"
449,5360,34,"'2026-07-11'","3.6"
450,5361,35,"'2026-07-12'","3.9"
451,5362,36,"'2026-07-13'","3.1"
452,5363,37,"'2026-07-14'","3.4"
453,5364,38,"'2026-07-15'","4"
454,5365,39,"'2026-07-16'","2.5"
455,5366,40,"'2026-07-17'","3.8"
456,5367,41,"'2026-07-18'","3.2"
457,5368,42,"'2026-07-19'","3.9"
458,5369,43,"'2026-07-20'","3.5"
459,5370,44,"'2026-07-21'","3.6"
460,5371,45,"'2026-07-22'","2.8"
461,5372,46,"'2026-07-23'","3.9"
462,5373,47,"'2026-07-24'","3"
463,5374,48,"'2026-07-25'","3.7"
464,5375,49,"'2026-07-26'","3.2"
465,5376,50,"'2026-07-27'","3.5"
466,5377,51,"'2026-07-28'","3.8"
467,5378,52,"'2026-07-29'","3.1"
468,5379,53,"'2026-07-30'","3.4"
469,5380,54,"'2026-07-31'","4"
470,5381,55,"'2026-08-01'","2.5"
471,5382,56,"'2026-08-02'","3.9"
472,5383,57,"'2026-08-03'","3.3"
473,5384,58,"'2026-08-04'","2.9"
474,5385,59,"'2026-08-05'","3"
475,5386,60,"'2026-08-06'","3.6"
476,5387,10,"'2026-08-07'","3.9"
477,5388,11,"'2026-08-08'","3.1"
478,5389,12,"'2026-08-09'","3.4"
479,5390,13,"'2026-08-10'","4"
480,5391,14,"'2026-08-11'","2.5"
481,5392,15,"'2026-08-12'","3.8"
482,5393,16,"'2026-08-13'","3.2"
483,5394,17,"'2026-08-14'","3.9"
484,5395,18,"'2026-08-15'","3.5"
485,5396,19,"'2026-08-16'","3.6"
486,5397,20,"'2026-08-17'","2.8"
487,5398,21,"'2026-08-18'","3.9"
488,5399,22,"'2026-08-19'","3"
489,5400,23,"'2026-08-20'","3.7"
490,5401,24,"'2026-08-21'","3.2"
491,5402,25,"'2026-08-22'","3.5"
492,5403,26,"'2026-08-23'","3.8"
493,5404,27,"'2026-08-24'","3.1"
494,5405,28,"'2026-08-25'","3.4"
495,5406,29,"'2026-08-26'","4"
496,5407,30,"'2026-08-27'","2.5"
497,5408,31,"'2026-08-28'","3.9"
498,5409,32,"'2026-08-29'","3.3"
499,5410,33,"'2026-08-30'","2.9"
500,5411,34,"'2026-08-31'","3"
501,5412,35,"'2026-09-01'","3.6"
502,5413,36,"'2026-09-02'","3.9"
503,5414,37,"'2026-09-03'","3.1"
504,5415,38,"'2026-09-04'","3.4"
505,5416,39,"'2026-09-05'","4"
506,5417,40,"'2026-09-06'","2.5"
507,5418,41,"'2026-09-07'","3.8"
508,5419,42,"'2026-09-08'","3.2"
509,5420,43,"'2026-09-09'","3.9"
510,5421,44,"'2026-09-10'","3.5"
511,5422,45,"'2026-09-11'","3.6"
512,5423,46,"'2026-09-12'","2.8"
513,5424,47,"'2026-09-13'","3.9"
514,5425,48,"'2026-09-14'","3"
515,5426,49,"'2026-09-15'","3.7"
516,5427,50,"'2026-09-16'","3.2"
517,5428,51,"'2026-09-17'","3.5"
518,5429,52,"'2026-09-18'","3.8"
519,5430,53,"'2026-09-19'","3.1"
520,5431,54,"'2026-09-20'","3.4"
521,5432,55,"'2026-09-21'","4"
522,5433,56,"'2026-09-22'","2.5"
523,5434,57,"'2026-09-23'","3.9"
524,5435,58,"'2026-09-24'","3.3"
525,5436,59,"'2026-09-25'","2.9"
526,5437,60,"'2026-09-26'","3"
527,5438,10,"'2026-09-27'","3.6"
528,5439,11,"'2026-09-28'","3.9"
529,5440,12,"'2026-09-29'","3.1"
530,5441,13,"'2026-09-30'","3.4"
531,5442,14,"'2026-10-01'","4"
532,5443,15,"'2026-10-02'","2.5"
533,5444,16,"'2026-10-03'","3.8"
534,5445,17,"'2026-10-04'","3.2"
535,5446,18,"'2026-10-05'","3.9"
536,5447,19,"'2026-10-06'","3.5"
537,5448,20,"'2026-10-07'","3.6"
538,5449,21,"'2026-10-08'","2.8"
539,5450,22,"'2026-10-09'","3.9"
540,5451,23,"'2026-10-10'","3"
541,5452,24,"'2026-10-11'","3.7"
542,5453,25,"'2026-10-12'","3.2"
543,5454,26,"'2026-10-13'","3.5"
544,5455,27,"'2026-10-14'","3.8"
545,5456,28,"'2026-10-15'","3.1"
546,5457,29,"'2026-10-16'","3.4"
547,5458,30,"'2026-10-17'","4"
548,5459,31,"'2026-10-18'","2.5"
549,5460,32,"'2026-10-19'","3.9"
550,5461,33,"'2026-10-20'","3.3"
551,5462,34,"'2026-10-21'","2.9"
552,5463,35,"'2026-10-22'","3"
553,5464,36,"'2026-10-23'","3.6"
554,5465,37,"'2026-10-24'","3.9"
555,5466,38,"'2026-10-25'","3.1"
556,5467,39,"'2026-10-26'","3.4"
557,5468,40,"'2026-10-27'","4"
558,5469,41,"'2026-10-28'","2.5"
559,5470,42,"'2026-10-29'","3.8"
560,5471,43,"'2026-10-30'","3.2"
561,5472,44,"'2026-10-31'","3.9"
562,5473,45,"'2026-11-01'","3.5"
563,5474,46,"'2026-11-02'","3.6"
564,5475,47,"'2026-11-03'","2.8"
565,5476,48,"'2026-11-04'","3.9"
566,5477,49,"'2026-11-05'","3"
567,5478,50,"'2026-11-06'","3.7"
568,5479,51,"'2026-11-07'","3.2"
569,5480,52,"'2026-11-08'","3.5"
570,5481,53,"'2026-11-09'","3.8"
571,5482,54,"'2026-11-10'","3.1"
572,5483,55,"'2026-11-11'","3.4"
573,5484,56,"'2026-11-12'","4"
574,5485,57,"'2026-11-13'","2.5"
575,5486,58,"'2026-11-14'","3.9"
576,5487,59,"'2026-11-15'","3.3"
577,5488,60,"'2026-11-16'","2.9"
578,5489,10,"'2026-11-17'","3"
579,5490,11,"'2026-11-18'","3.6"
580,5491,12,"'2026-11-19'","3.9"
581,5492,13,"'2026-11-20'","3.1"
582,5493,14,"'2026-11-21'","3.4"
583,5494,15,"'2026-11-22'","4"
584,5495,16,"'2026-11-23'","2.5"
585,5496,17,"'2026-11-24'","3.8"
586,5497,18,"'2026-11-25'","3.2"
587,5498,19,"'2026-11-26'","3.9"
588,5499,20,"'2026-11-27'","3.5"
589,5500,21,"'2026-11-28'","3.6"
590,5501,22,"'2026-11-29'","2.8"
591,5502,23,"'2026-11-30'","3.9"
592,5503,24,"'2026-12-01'","3"
593,5504,25,"'2026-12-02'","3.7"
594,5505,26,"'2026-12-03'","3.2"
595,5506,27,"'2026-12-04'","3.5"
596,5507,28,"'2026-12-05'","3.8"
597,5508,29,"'2026-12-06'","3.1"
598,5509,30,"'2026-12-07'","3.4"
599,5510,31,"'2026-12-08'","4"
600,5511,32,"'2026-12-09'","2.5"
601,5512,33,"'2026-12-10'","3.9"
602,5513,34,"'2026-12-11'","3.3"
603,5514,35,"'2026-12-12'","2.9"
604,5515,36,"'2026-12-13'","3"
605,5516,37,"'2026-12-14'","3.6"
606,5517,38,"'2026-12-15'","3.9"
607,5518,39,"'2026-12-16'","3.1"
608,5519,40,"'2026-12-17'","3.4"
609,5520,41,"'2026-12-18'","4"
610,5521,42,"'2026-12-19'","2.5"
611,5522,43,"'2026-12-20'","3.8"
612,5523,44,"'2026-12-21'","3.2"
613,5524,45,"'2026-12-22'","3.9"
614,5525,46,"'2026-12-23'","3.5"
615,5526,47,"'2026-12-24'","3.6"
616,5527,48,"'2026-12-25'","2.8"
617,5528,49,"'2026-12-26'","3.9"
618,5529,50,"'2026-12-27'","3"
619,5530,51,"'2026-12-28'","3.7"
620,5531,52,"'2026-12-29'","3.2"
621,5532,53,"'2026-12-30'","3.5"
622,5533,54,"'2026-12-31'","3.8"
623,5534,55,"'2027-01-01'","3.1"
624,5535,56,"'2027-01-02'","3.4"
625,5536,57,"'2027-01-03'","4"
626,5537,58,"'2027-01-04'","2.5"
627,5538,59,"'2027-01-05'","3.9"
628,5539,60,"'2027-01-06'","3.3"
629,5540,10,"'2027-01-07'","2.9"
630,5541,11,"'2027-01-08'","3"
631,5542,12,"'2027-01-09'","3.6"
632,5543,13,"'2027-01-10'","3.9"
633,5544,14,"'2027-01-11'","3.1"
634,5545,15,"'2027-01-12'","3.4"
635,5546,16,"'2027-01-13'","4"
636,5547,17,"'2027-01-14'","2.5"
637,5548,18,"'2027-01-15'","3.8"
638,5549,19,"'2027-01-16'","3.2"
639,5550,20,"'2027-01-17'","3.9"
640,5551,21,"'2027-01-18'","3.5"
641,5552,22,"'2027-01-19'","3.6"
642,5553,23,"'2027-01-20'","2.8"
643,5554,24,"'2027-01-21'","3.9"
644,5555,25,"'2027-01-22'","3"
645,5556,26,"'2027-01-23'","3.7"
646,5557,27,"'2027-01-24'","3.2"
647,5558,28,"'2027-01-25'","3.5"
648,5559,29,"'2027-01-26'","3.8"
649,5560,30,"'2027-01-27'","3.1"
650,5561,31,"'2027-01-28'","3.4"
651,5562,32,"'2027-01-29'","4"
652,5563,33,"'2027-01-30'","2.5"
653,5564,34,"'2027-01-31'","3.9"
654,5565,35,"'2027-02-01'","3.3"
655,5566,36,"'2027-02-02'","2.9"
656,5567,37,"'2027-02-03'","3"
657,5568,38,"'2027-02-04'","3.6"
658,5569,39,"'2027-02-05'","3.9"
659,5570,40,"'2027-02-06'","3.1"
660,5571,41,"'2027-02-07'","3.4"
661,5572,42,"'2027-02-08'","4"
662,5573,43,"'2027-02-09'","2.5"
663,5574,44,"'2027-02-10'","3.8"
664,5575,45,"'2027-02-11'","3.2"
665,5576,46,"'2027-02-12'","3.9"
666,5577,47,"'2027-02-13'","3.5"
667,5578,48,"'2027-02-14'","3.6"
668,5579,49,"'2027-02-15'","2.8"
669,5580,50,"'2027-02-16'","3.9"
670,5581,51,"'2027-02-17'","3"
671,5582,52,"'2027-02-18'","3.7"
672,5583,53,"'2027-02-19'","3.2"
673,5584,54,"'2027-02-20'","3.5"
674,5585,55,"'2027-02-21'","3.8"
675,5586,56,"'2027-02-22'","3.1"
676,5587,57,"'2027-02-23'","3.4"
677,5588,58,"'2027-02-24'","4"
678,5589,59,"'2027-02-25'","2.5"
679,5590,60,"'2027-02-26'","3.9"
680,5591,10,"'2027-02-27'","3.3"
681,5592,11,"'2027-02-28'","2.9"
682,5593,12,"'2027-03-01'","3"
683,5594,13,"'2027-03-02'","3.6"
684,5595,14,"'2027-03-03'","3.9"
685,5596,15,"'2027-03-04'","3.1"
686,5597,16,"'2027-03-05'","3.4"
687,5598,17,"'2027-03-06'","4"
688,5599,18,"'2027-03-07'","2.5"
689,5600,19,"'2027-03-08'","3.8"
690,5601,20,"'2027-03-09'","3.2"
691,5602,21,"'2027-03-10'","3.9"
692,5603,22,"'2027-03-11'","3.5"
693,5604,23,"'2027-03-12'","3.6"
694,5605,24,"'2027-03-13'","2.8"
695,5606,25,"'2027-03-14'","3.9"
696,5607,26,"'2027-03-15'","3"
697,5608,27,"'2027-03-16'","3.7"
698,5609,28,"'2027-03-17'","3.2"
699,5610,29,"'2027-03-18'","3.5"
700,5611,30,"'2027-03-19'","3.8"
701,5612,31,"'2027-03-20'","3.1"
702,5613,32,"'2027-03-21'","3.4"
703,5614,33,"'2027-03-22'","4"
704,5615,34,"'2027-03-23'","2.5"
705,5616,35,"'2027-03-24'","3.9"
706,5617,36,"'2027-03-25'","3.3"
707,5618,37,"'2027-03-26'","2.9"
708,5619,38,"'2027-03-27'","3"
709,5620,39,"'2027-03-28'","3.6"
710,5621,40,"'2027-03-29'","3.9"
711,5622,41,"'2027-03-30'","3.1"
712,5623,42,"'2027-03-31'","3.4"
713,5624,43,"'2027-04-01'","4"
714,5625,44,"'2027-04-02'","2.5"
715,5626,45,"'2027-04-03'","3.8"
716,5627,46,"'2027-04-04'","3.2"
717,5628,47,"'2027-04-05'","3.9"
718,5629,48,"'2027-04-06'","3.5"
719,5630,49,"'2027-04-07'","3.6"
720,5631,50,"'2027-04-08'","2.8"
721,5632,51,"'2027-04-09'","3.9"
722,5633,52,"'2027-04-10'","3"
723,5634,53,"'2027-04-11'","3.7"
724,5635,54,"'2027-04-12'","3.2"
725,5636,55,"'2027-04-13'","3.5"
726,5637,56,"'2027-04-14'","3.8"
727,5638,57,"'2027-04-15'","3.1"
728,5639,58,"'2027-04-16'","3.4"
729,5640,59,"'2027-04-17'","4"
730,5641,60,"'2027-04-18'","2.5"
731,5642,10,"'2027-04-19'","3.9"
732,5643,11,"'2027-04-20'","3.3"
733,5644,12,"'2027-04-21'","2.9"
734,5645,13,"'2027-04-22'","3"
735,5646,14,"'2027-04-23'","3.6"
736,5647,15,"'2027-04-24'","3.9"
737,5648,16,"'2027-04-25'","3.1"
738,5649,17,"'2027-04-26'","3.4"
739,5650,18,"'2027-04-27'","4"
740,5651,19,"'2027-04-28'","2.5"
741,5652,20,"'2027-04-29'","3.8"
742,5653,21,"'2027-04-30'","3.2"
743,5654,22,"'2027-05-01'","3.9"
744,5655,23,"'2027-05-02'","3.5"
745,5656,24,"'2027-05-03'","3.6"
746,5657,25,"'2027-05-04'","2.8"
747,5658,26,"'2027-05-05'","3.9"
748,5659,27,"'2027-05-06'","3"
749,5660,28,"'2027-05-07'","3.7"
750,5661,29,"'2027-05-08'","3.2"
751,5662,30,"'2027-05-09'","3.5"
752,5663,31,"'2027-05-10'","3.8"
753,5664,32,"'2027-05-11'","3.1"
754,5665,33,"'2027-05-12'","3.4"
755,5666,34,"'2027-05-13'","4"
756,5667,35,"'2027-05-14'","2.5"
757,5668,36,"'2027-05-15'","3.9"
758,5669,37,"'2027-05-16'","3.3"
759,5670,38,"'2027-05-17'","2.9"
760,5671,39,"'2027-05-18'","3"
761,5672,40,"'2027-05-19'","3.6"
762,5673,41,"'2027-05-20'","3.9"
763,5674,42,"'2027-05-21'","3.1"
764,5675,43,"'2027-05-22'","3.4"
765,5676,44,"'2027-05-23'","4"
766,5677,45,"'2027-05-24'","2.5"
767,5678,46,"'2027-05-25'","3.8"
768,5679,47,"'2027-05-26'","3.2"
769,5680,48,"'2027-05-27'","3.9"
770,5681,49,"'2027-05-28'","3.5"
771,5682,50,"'2027-05-29'","3.6"
772,5683,51,"'2027-05-30'","2.8"
773,5684,52,"'2027-05-31'","3.9"
774,5685,53,"'2027-06-01'","3"
775,5686,54,"'2027-06-02'","3.7"
776,5687,55,"'2027-06-03'","3.2"
777,5688,56,"'2027-06-04'","3.5"
778,5689,57,"'2027-06-05'","3.8"
779,5690,58,"'2027-06-06'","3.1"
780,5691,59,"'2027-06-07'","3.4"
781,5692,60,"'2027-06-08'","4"
782,5693,10,"'2027-06-09'","2.5"
783,5694,11,"'2027-06-10'","3.9"
784,5695,12,"'2027-06-11'","3.3"
785,5696,13,"'2027-06-12'","2.9"
786,5697,14,"'2027-06-13'","3"
787,5698,15,"'2027-06-14'","3.6"
788,5699,16,"'2027-06-15'","3.9"
789,5700,17,"'2027-06-16'","3.1"
790,5701,18,"'2027-06-17'","3.4"
791,5702,19,"'2027-06-18'","4"
792,5703,20,"'2027-06-19'","2.5"
793,5704,21,"'2027-06-20'","3.8"
794,5705,22,"'2027-06-21'","3.2"
795,5706,23,"'2027-06-22'","3.9"
796,5707,24,"'2027-06-23'","3.5"
797,5708,25,"'2027-06-24'","3.6"
798,5709,26,"'2027-06-25'","2.8"
799,5710,27,"'2027-06-26'","3.9"
800,5711,28,"'2027-06-27'","3"
801,5712,29,"'2027-06-28'","3.7"
802,5713,30,"'2027-06-29'","3.2"
803,5714,31,"'2027-06-30'","3.5"
804,5715,32,"'2027-07-01'","3.8"
805,5716,33,"'2027-07-02'","3.1"
806,5717,34,"'2027-07-03'","3.4"
807,5718,35,"'2027-07-04'","4"
808,5719,36,"'2027-07-05'","2.5"
809,5720,37,"'2027-07-06'","3.9"
810,5721,38,"'2027-07-07'","3.3"
811,5722,39,"'2027-07-08'","2.9"
812,5723,40,"'2027-07-09'","3"
813,5724,41,"'2027-07-10'","3.6"
814,5725,42,"'2027-07-11'","3.9"
815,5726,43,"'2027-07-12'","3.1"
816,5727,44,"'2027-07-13'","3.4"
817,5728,45,"'2027-07-14'","4"
818,5729,46,"'2027-07-15'","2.5"
819,5730,47,"'2027-07-16'","3.8"
820,5731,48,"'2027-07-17'","3.2"
821,5732,49,"'2027-07-18'","3.9"
822,5733,50,"'2027-07-19'","3.5"
823,5734,51,"'2027-07-20'","3.6"
824,5735,52,"'2027-07-21'","2.8"
825,5736,53,"'2027-07-22'","3.9"
826,5737,54,"'2027-07-23'","3"
827,5738,55,"'2027-07-24'","3.7"
828,5739,56,"'2027-07-25'","3.2"
829,5740,57,"'2027-07-26'","3.5"
830,5741,58,"'2027-07-27'","3.8"
831,5742,59,"'2027-07-28'","3.1"
832,5743,60,"'2027-07-29'","3.4"
833,5744,10,"'2027-07-30'","4"
834,5745,11,"'2027-07-31'","2.5"
835,5746,12,"'2027-08-01'","3.9"
836,5747,13,"'2027-08-02'","3.3"
837,5748,14,"'2027-08-03'","2.9"
838,5749,15,"'2027-08-04'","3"
839,5750,16,"'2027-08-05'","3.6"
840,5751,17,"'2027-08-06'","3.9"
841,5752,18,"'2027-08-07'","3.1"
842,5753,19,"'2027-08-08'","3.4"
843,5754,20,"'2027-08-09'","4"
844,5755,21,"'2027-08-10'","2.5"
845,5756,22,"'2027-08-11'","3.8"
846,5757,23,"'2027-08-12'","3.2"
847,5758,24,"'2027-08-13'","3.9"
848,5759,25,"'2027-08-14'","3.5"
849,5760,26,"'2027-08-15'","3.6"
850,5761,27,"'2027-08-16'","2.8"
851,5762,28,"'2027-08-17'","3.9"
852,5763,29,"'2027-08-18'","3"
853,5764,30,"'2027-08-19'","3.7"
854,5765,31,"'2027-08-20'","3.2"
855,5766,32,"'2027-08-21'","3.5"
856,5767,33,"'2027-08-22'","3.8"
857,5768,34,"'2027-08-23'","3.1"
858,5769,35,"'2027-08-24'","3.4"
859,5770,36,"'2027-08-25'","4"
860,5771,37,"'2027-08-26'","2.5"
861,5772,38,"'2027-08-27'","3.9"
862,5773,39,"'2027-08-28'","3.3"
863,5774,40,"'2027-08-29'","2.9"
864,5775,41,"'2027-08-30'","3"
865,5776,42,"'2027-08-31'","3.6"
866,5777,43,"'2027-09-01'","3.9"
867,5778,44,"'2027-09-02'","3.1"
868,5779,45,"'2027-09-03'","3.4"
869,5780,46,"'2027-09-04'","4"
870,5781,47,"'2027-09-05'","2.5"
871,5782,48,"'2027-09-06'","3.8"
872,5783,49,"'2027-09-07'","3.2"
873,5784,50,"'2027-09-08'","3.9"
874,5785,51,"'2027-09-09'","3.5"
875,5786,52,"'2027-09-10'","3.6"
876,5787,53,"'2027-09-11'","2.8"
877,5788,54,"'2027-09-12'","3.9"
878,5789,55,"'2027-09-13'","3"
879,5790,56,"'2027-09-14'","3.7"
880,5791,57,"'2027-09-15'","3.2"
881,5792,58,"'2027-09-16'","3.5"
882,5793,59,"'2027-09-17'","3.8"
883,5794,60,"'2027-09-18'","3.1"
884,5795,10,"'2027-09-19'","3.4"
885,5796,11,"'2027-09-20'","4"
886,5797,12,"'2027-09-21'","2.5"
887,5798,13,"'2027-09-22'","3.9"
888,5799,14,"'2027-09-23'","3.3"
889,5800,15,"'2027-09-24'","2.9"
890,5801,16,"'2027-09-25'","3"
891,5802,17,"'2027-09-26'","3.6"
892,5803,18,"'2027-09-27'","3.9"
893,5804,19,"'2027-09-28'","3.1"
894,5805,20,"'2027-09-29'","3.4"
895,5806,21,"'2027-09-30'","4"
896,5807,22,"'2027-10-01'","2.5"
897,5808,23,"'2027-10-02'","3.8"
898,5809,24,"'2027-10-03'","3.2"
899,5810,25,"'2027-10-04'","3.9"
