"section_id","course_id","faculty_id","semester","enrollment_id"
10,1001,103,"Fall 2025",30
11,2002,101,"Fall 2025",25
12,3003,102,"Fall 2025",40
13,1004,103,"Fall 2025",20
15,2005,105,"Fall 2025",30
16,3001,106,"Fall 2025",45
17,1002,107,"Fall 2025",60
18,2003,108,"Fall 2025",25
19,3004,109,"Fall 2025",50
20,1003,110,"Fall 2025",70
21,2001,111,"Fall 2025",35
22,3002,112,"Fall 2025",40
23,1004,113,"Fall 2025",80
24,2004,114,"Fall 2025",22
25,3005,115,"Fall 2025",48
26,1005,116,"Fall 2025",65
27,2002,117,"Fall 2025",28
28,3003,118,"Fall 2025",52
29,1001,119,"Fall 2025",75
30,2005,120,"Fall 2025",33
31,3001,121,"Fall 2025",41
32,1002,122,"Fall 2025",62
33,2003,123,"Fall 2025",24
34,3004,124,"Fall 2025",46
35,1003,125,"Fall 2025",72
36,2001,126,"Fall 2025",38
37,3002,127,"Fall 2025",49
38,1004,128,"Fall 2025",85
39,2004,129,"Fall 2025",21
40,3005,130,"Fall 2025",44
41,1005,131,"Fall 2025",68
42,2002,132,"Fall 2025",27
43,3003,133,"Fall 2025",53
44,1001,134,"Fall 2025",78
45,2005,135,"Fall 2025",31
46,3001,136,"Fall 2025",47
47,1002,137,"Fall 2025",64
48,2003,138,"Fall 2025",26
49,3004,139,"Fall 2025",51
50,1003,140,"Fall 2025",73
51,2001,141,"Fall 2025",36
52,3002,142,"Fall 2025",43
53,1004,143,"Fall 2025",88
54,2004,144,"Fall 2025",23
55,3005,145,"Fall 2025",42
56,1005,146,"Fall 2025",67
57,2002,147,"Fall 2025",29
58,3003,148,"Fall 2025",54
59,1001,149,"Fall 2025",79
60,2005,150,"Fall 2025",34
61,3001,151,"Fall 2025",45
62,1002,152,"Fall 2025",61
63,2003,153,"Fall 2025",20
64,3004,154,"Spring 2026",46
65,1003,155,"Spring 2026",76
66,2001,156,"Spring 2026",39
67,3002,157,"Spring 2026",51
68,1004,158,"Spring 2026",90
69,2004,159,"Spring 2026",27
70,3005,160,"Spring 2026",43
71,1005,161,"Spring 2026",69
72,2002,162,"Spring 2026",32
73,3003,163,"Spring 2026",55
74,1001,164,"Spring 2026",82
75,2005,165,"Spring 2026",37
76,3001,166,"Spring 2026",48
77,1002,167,"Spring 2026",63
78,2003,168,"Spring 2026",29
79,3004,169,"Spring 2026",50
80,1003,170,"Spring 2026",74
81,2001,171,"Spring 2026",35
82,3002,172,"Spring 2026",47
83,1004,173,"Spring 2026",86
84,2004,174,"Spring 2026",24
85,3005,175,"Spring 2026",45
86,1005,176,"Spring 2026",71
87,2002,177,"Spring 2026",30
88,3003,178,"Spring 2026",52
89,1001,179,"Spring 2026",81
90,2005,180,"Spring 2026",34
91,3001,181,"Spring 2026",46
92,1002,182,"Spring 2026",66
93,2003,183,"Spring 2026",28
94,3004,184,"Spring 2026",49
95,1003,185,"Spring 2026",77
96,2001,186,"Spring 2026",33
97,3002,187,"Spring 2026",44
98,1004,188,"Spring 2026",89
99,2004,189,"Spring 2026",25
100,3005,190,"Spring 2026",40
101,1005,191,"Spring 2026",65
102,2002,192,"Spring 2026",31
103,3003,193,"Spring 2026",53
104,1001,194,"Spring 2026",80
105,2005,195,"Spring 2026",36
106,3001,196,"Spring 2026",42
107,1002,197,"Spring 2026",67
108,2003,198,"Spring 2026",26
109,3004,199,"Spring 2026",48
110,1003,200,"Spring 2026",75
111,2001,101,"Spring 2026",30
112,3002,102,"Spring 2026",51
113,1004,103,"Spring 2026",84
114,2004,104,"Spring 2026",27
115,3005,105,"Spring 2026",41
116,1005,106,"Spring 2026",69
117,2002,107,"Spring 2026",32
118,3003,108,"Spring 2026",55
119,1001,109,"Spring 2026",83
120,2005,110,"Spring 2026",37
121,3001,111,"Spring 2026",48
122,1002,112,"Spring 2026",63
123,2003,113,"Spring 2026",29
124,3004,114,"Spring 2026",50
125,1003,115,"Spring 2026",74
126,2001,116,"Spring 2026",35
127,3002,117,"Spring 2026",47
128,1004,118,"Spring 2026",86
129,2004,119,"Spring 2026",24
130,3005,120,"Spring 2026",45
131,1005,121,"Spring 2026",71
132,2002,122,"Spring 2026",30
133,3003,123,"Spring 2026",52
134,1001,124,"Spring 2026",81
135,2005,125,"Spring 2026",34
136,3001,126,"Spring 2026",46
137,1002,127,"Spring 2026",66
138,2003,128,"Spring 2026",28
139,3004,129,"Spring 2026",49
140,1003,130,"Spring 2026",77
141,2001,131,"Spring 2026",33
142,3002,132,"Spring 2026",44
143,1004,133,"Spring 2026",89
144,2004,134,"Spring 2026",25
145,3005,135,"Spring 2026",40
146,1005,136,"Spring 2026",65
147,2002,137,"Spring 2026",31
148,3003,138,"Spring 2026",53
149,1001,139,"Spring 2026",80
150,2005,140,"Spring 2026",36
151,3001,141,"Spring 2026",42
152,1002,142,"Spring 2026",67
153,2003,143,"Spring 2026",26
154,3004,144,"Spring 2026",48
155,1003,145,"Spring 2026",75
156,2001,146,"Spring 2026",30
157,3002,147,"Spring 2026",51
158,1004,148,"Spring 2026",84
159,2004,149,"Spring 2026",27
160,3005,150,"Spring 2026",41
161,1005,151,"Spring 2026",69
162,2002,152,"Spring 2026",32
163,3003,153,"Spring 2026",55
164,1001,154,"Spring 2026",83
165,2005,155,"Spring 2026",37
166,3001,156,"Spring 2026",48
167,1002,157,"Spring 2026",63
168,2003,158,"Spring 2026",29
169,3004,159,"Spring 2026",50
170,1003,160,"Spring 2026",74
171,2001,161,"Spring 2026",35
172,3002,162,"Spring 2026",47
173,1004,163,"Spring 2026",86
174,2004,164,"Spring 2026",24
175,3005,165,"Spring 2026",45
176,1005,166,"Spring 2026",71
177,2002,167,"Spring 2026",30
178,3003,168,"Spring 2026",52
179,1001,169,"Spring 2026",81
180,2005,170,"Spring 2026",34
181,3001,171,"Spring 2026",46
182,1002,172,"Spring 2026",66
183,2003,173,"Spring 2026",28
184,3004,174,"Spring 2026",49
185,1003,175,"Spring 2026",77
186,2001,176,"Spring 2026",33
187,3002,177,"Spring 2026",44
188,1004,178,"Spring 2026",89
189,2004,179,"Spring 2026",25
190,3005,180,"Spring 2026",40
191,1005,181,"Spring 2026",65
192,2002,182,"Spring 2026",31
193,3003,183,"Spring 2026",53
194,1001,184,"Spring 2026",80
195,2005,185,"Spring 2026",36
196,3001,186,"Spring 2026",42
197,1002,187,"Spring 2026",67
198,2003,188,"Spring 2026",26
199,3004,189,"Spring 2026",48
200,1003,190,"Spring 2026",75
201,2001,191,"Spring 2026",30
202,3002,192,"Spring 2026",51
203,1004,193,"Spring 2026",84
204,2004,194,"Spring 2026",27
205,3005,195,"Spring 2026",41
206,1005,196,"Spring 2026",69
207,2002,197,"Spring 2026",32
208,3003,198,"Spring 2026",55
209,1001,199,"Spring 2026",83
210,2005,200,"Spring 2026",37
211,3001,101,"Spring 2026",48
212,1002,102,"Spring 2026",63
213,2003,103,"Spring 2026",29
214,3004,104,"Spring 2026",50
215,1003,105,"Spring 2026",74
216,2001,106,"Spring 2026",35
217,3002,107,"Spring 2026",47
218,1004,108,"Spring 2026",86
219,2004,109,"Spring 2026",24
220,3005,110,"Spring 2026",45
221,1005,111,"Spring 2026",71
222,2002,112,"Spring 2026",30
223,3003,113,"Spring 2026",52
224,1001,114,"Spring 2026",81
225,2005,115,"Spring 2026",34
226,3001,116,"Spring 2026",46
227,1002,117,"Spring 2026",66
228,2003,118,"Spring 2026",28
229,3004,119,"Spring 2026",49
230,1003,120,"Spring 2026",77
231,2001,121,"Spring 2026",33
232,3002,122,"Spring 2026",44
233,1004,123,"Spring 2026",89
234,2004,124,"Spring 2026",25
235,3005,125,"Spring 2026",40
236,1005,126,"Spring 2026",65
237,2002,127,"Spring 2026",31
238,3003,128,"Spring 2026",53
239,1001,129,"Spring 2026",80
240,2005,130,"Spring 2026",36
241,3001,131,"Spring 2026",42
242,1002,132,"Spring 2026",67
243,2003,133,"Spring 2026",26
244,3004,134,"Spring 2026",48
245,1003,135,"Spring 2026",75
246,2001,136,"Spring 2026",30
247,3002,137,"Spring 2026",51
248,1004,138,"Spring 2026",84
249,2004,139,"Spring 2026",27
250,3005,140,"Spring 2026",41
251,1005,141,"Spring 2026",69
252,2002,142,"Spring 2026",32
253,3003,143,"Spring 2026",55
254,1001,144,"Spring 2026",83
255,2005,145,"Spring 2026",37
256,3001,146,"Spring 2026",48
257,1002,147,"Spring 2026",63
258,2003,148,"Spring 2026",29
259,3004,149,"Spring 2026",50
260,1003,150,"Spring 2026",74
261,2001,151,"Spring 2026",35
262,3002,152,"Spring 2026",47
263,1004,153,"Spring 2026",86
264,2004,154,"Fall 2026",27
265,3005,155,"Fall 2026",41
266,1005,156,"Fall 2026",69
267,2002,157,"Fall 2026",32
268,3003,158,"Fall 2026",55
269,1001,159,"Fall 2026",83
270,2005,160,"Fall 2026",37
271,3001,161,"Fall 2026",48
272,1002,162,"Fall 2026",63
273,2003,163,"Fall 2026",29
274,3004,164,"Fall 2026",50
275,1003,165,"Fall 2026",74
276,2001,166,"Fall 2026",35
277,3002,167,"Fall 2026",47
278,1004,168,"Fall 2026",86
279,2004,169,"Fall 2026",24
280,3005,170,"Fall 2026",45
281,1005,171,"Fall 2026",71
282,2002,172,"Fall 2026",30
283,3003,173,"Fall 2026",52
284,1001,174,"Fall 2026",81
285,2005,175,"Fall 2026",34
286,3001,176,"Fall 2026",46
287,1002,177,"Fall 2026",66
288,2003,178,"Fall 2026",28
289,3004,179,"Fall 2026",49
290,1003,180,"Fall 2026",77
291,2001,181,"Fall 2026",33
292,3002,182,"Fall 2026",44
293,1004,183,"Fall 2026",89
294,2004,184,"Fall 2026",25
295,3005,185,"Fall 2026",40
296,1005,186,"Fall 2026",65
297,2002,187,"Fall 2026",31
298,3003,188,"Fall 2026",53
299,1001,189,"Fall 2026",80
300,2005,190,"Fall 2026",36
301,3001,191,"Fall 2026",42
302,1002,192,"Fall 2026",67
303,2003,193,"Fall 2026",26
304,3004,194,"Fall 2026",48
305,1003,195,"Fall 2026",75
306,2001,196,"Fall 2026",30
307,3002,197,"Fall 2026",51
308,1004,198,"Fall 2026",84
309,2004,199,"Fall 2026",27
310,3005,200,"Fall 2026",41
311,1005,101,"Fall 2026",69
312,2002,102,"Fall 2026",32
313,3003,103,"Fall 2026",55
314,1001,104,"Fall 2026",83
315,2005,105,"Fall 2026",37
316,3001,106,"Fall 2026",48
317,1002,107,"Fall 2026",63
318,2003,108,"Fall 2026",29
319,3004,109,"Fall 2026",50
320,1003,110,"Fall 2026",74
321,2001,111,"Fall 2026",35
322,3002,112,"Fall 2026",47
323,1004,113,"Fall 2026",86
324,2004,114,"Fall 2026",24
325,3005,115,"Fall 2026",45
326,1005,116,"Fall 2026",71
327,2002,117,"Fall 2026",30
328,3003,118,"Fall 2026",52
329,1001,119,"Fall 2026",81
330,2005,120,"Fall 2026",34
331,3001,121,"Fall 2026",46
332,1002,122,"Fall 2026",66
333,2003,123,"Fall 2026",28
334,3004,124,"Fall 2026",49
335,1003,125,"Fall 2026",77
336,2001,126,"Fall 2026",33
337,3002,127,"Fall 2026",44
338,1004,128,"Fall 2026",89
339,2004,129,"Fall 2026",25
340,3005,130,"Fall 2026",40
341,1005,131,"Fall 2026",65
342,2002,132,"Fall 2026",31
343,3003,133,"Fall 2026",53
344,1001,134,"Fall 2026",80
345,2005,135,"Fall 2026",36
346,3001,136,"Fall 2026",42
347,1002,137,"Fall 2026",67
348,2003,138,"Fall 2026",26
349,3004,139,"Fall 2026",48
350,1003,140,"Fall 2026",75
351,2001,141,"Fall 2026",30
352,3002,142,"Fall 2026",51
353,1004,143,"Fall 2026",84
354,2004,144,"Fall 2026",27
355,3005,145,"Fall 2026",41
356,1005,146,"Fall 2026",69
357,2002,147,"Fall 2026",32
358,3003,148,"Fall 2026",55
359,1001,149,"Fall 2026",83
360,2005,150,"Fall 2026",37
361,3001,151,"Fall 2026",48
362,1002,152,"Fall 2026",63
363,2003,153,"Fall 2026",29
364,3004,154,"Fall 2026",50
365,1003,155,"Fall 2026",74
366,2001,156,"Fall 2026",35
367,3002,157,"Fall 2026",47
368,1004,158,"Fall 2026",86
369,2004,159,"Fall 2026",24
370,3005,160,"Fall 2026",45
371,1005,161,"Fall 2026",71
372,2002,162,"Fall 2026",30
373,3003,163,"Fall 2026",52
374,1001,164,"Fall 2026",81
375,2005,165,"Fall 2026",34
376,3001,166,"Fall 2026",46
377,1002,167,"Fall 2026",66
378,2003,168,"Fall 2026",28
379,3004,169,"Fall 2026",49
380,1003,170,"Fall 2026",77
381,2001,171,"Fall 2026",33
382,3002,172,"Fall 2026",44
383,1004,173,"Fall 2026",89
384,2004,174,"Fall 2026",25
385,3005,175,"Fall 2026",40
386,1005,176,"Fall 2026",65
387,2002,177,"Fall 2026",31
388,3003,178,"Fall 2026",53
389,1001,179,"Fall 2026",80
390,2005,180,"Fall 2026",36
391,3001,181,"Fall 2026",42
392,1002,182,"Fall 2026",67
393,2003,183,"Fall 2026",26
394,3004,184,"Fall 2026",48
395,1003,185,"Fall 2026",75
396,2001,186,"Fall 2026",30
397,3002,187,"Fall 2026",51
398,1004,188,"Fall 2026",84
399,2004,189,"Fall 2026",27
400,3005,190,"Fall 2026",41
401,1005,191,"Fall 2026",69
402,2002,192,"Fall 2026",32
403,3003,193,"Fall 2026",55
404,1001,194,"Fall 2026",83
405,2005,195,"Fall 2026",37
406,3001,196,"Fall 2026",48
407,1002,197,"Fall 2026",63
408,2003,198,"Fall 2026",29
409,3004,199,"Fall 2026",50
410,1003,200,"Fall 2026",74
411,2001,101,"Fall 2026",35
412,3002,102,"Fall 2026",47
413,1004,103,"Fall 2026",86
414,2004,104,"Fall 2026",24
415,3005,105,"Fall 2026",45
416,1005,106,"Fall 2026",71
417,2002,107,"Fall 2026",30
418,3003,108,"Fall 2026",52
419,1001,109,"Fall 2026",81
420,2005,110,"Fall 2026",34
421,3001,111,"Fall 2026",46
422,1002,112,"Fall 2026",66
423,2003,113,"Fall 2026",28
424,3004,114,"Fall 2026",49
425,1003,115,"Fall 2026",77
426,2001,116,"Fall 2026",33
427,3002,117,"Fall 2026",44
428,1004,118,"Fall 2026",89
429,2004,119,"Fall 2026",25
430,3005,120,"Fall 2026",40
431,1005,121,"Fall 2026",65
432,2002,122,"Fall 2026",31
433,3003,123,"Fall 2026",53
434,1001,124,"Fall 2026",80
435,2005,125,"Fall 2026",36
436,3001,126,"Fall 2026",42
437,1002,127,"Fall 2026",67
438,2003,128,"Fall 2026",26
439,3004,129,"Fall 2026",48
440,1003,130,"Fall 2026",75
441,2001,131,"Fall 2026",30
442,3002,132,"Fall 2026",51
443,1004,133,"Fall 2026",84
444,2004,134,"Fall 2026",27
445,3005,135,"Fall 2026",41
446,1005,136,"Fall 2026",69
447,2002,137,"Fall 2026",32
448,3003,138,"Fall 2026",55
449,1001,139,"Fall 2026",83
450,2005,140,"Fall 2026",37
451,3001,141,"Fall 2026",48
452,1002,142,"Fall 2026",63
453,2003,143,"Fall 2026",29
454,3004,144,"Fall 2026",50
455,1003,145,"Fall 2026",74
456,2001,146,"Fall 2026",35
457,3002,147,"Fall 2026",47
458,1004,148,"Fall 2026",86
459,2004,149,"Fall 2026",24
460,3005,150,"Fall 2026",45
461,1005,151,"Fall 2026",71
462,2002,152,"Fall 2026",30
463,3003,153,"Fall 2026",52
464,1001,154,"Fall 2026",81
465,2005,155,"Fall 2026",34
466,3001,156,"Fall 2026",46
467,1002,157,"Fall 2026",66
468,2003,158,"Fall 2026",28
469,3004,159,"Fall 2026",49
470,1003,160,"Fall 2026",77
471,2001,161,"Fall 2026",33
472,3002,162,"Fall 2026",44
473,1004,163,"Fall 2026",89
474,2004,164,"Fall 2026",25
475,3005,165,"Fall 2026",40
476,1005,166,"Fall 2026",65
477,2002,167,"Fall 2026",31
478,3003,168,"Fall 2026",53
479,1001,169,"Fall 2026",80
480,2005,170,"Fall 2026",36
481,3001,171,"Fall 2026",42
482,1002,172,"Fall 2026",67
483,2003,173,"Fall 2026",26
484,3004,174,"Fall 2026",48
485,1003,175,"Fall 2026",75
486,2001,176,"Fall 2026",30
487,3002,177,"Fall 2026",51
488,1004,178,"Fall 2026",84
489,2004,179,"Fall 2026",27
490,3005,180,"Fall 2026",41
491,1005,181,"Fall 2026",69
492,2002,182,"Fall 2026",32
493,3003,183,"Fall 2026",55
494,1001,184,"Fall 2026",83
495,2005,185,"Fall 2026",37
496,3001,186,"Fall 2026",48
497,1002,187,"Fall 2026",63
498,2003,188,"Fall 2026",29
499,3004,189,"Fall 2026",50
500,1003,190,"Fall 2026",74
501,2001,191,"Fall 2026",35
502,3002,192,"Fall 2026",47
503,1004,193,"Fall 2026",86
504,2004,194,"Fall 2026",24
505,3005,195,"Fall 2026",45
506,1005,196,"Fall 2026",71
507,2002,197,"Fall 2026",30
508,3003,198,"Fall 2026",52
509,1001,199,"Fall 2026",81
510,2005,200,"Fall 2026",34
511,3001,101,"Spring 2027",46
512,1002,102,"Spring 2027",66
513,2003,103,"Spring 2027",28
514,3004,104,"Spring 2027",49
515,1003,105,"Spring 2027",77
516,2001,106,"Spring 2027",33
517,3002,107,"Spring 2027",44
518,1004,108,"Spring 2027",89
519,2004,109,"Spring 2027",25
520,3005,110,"Spring 2027",40
521,1005,111,"Spring 2027",65
522,2002,112,"Spring 2027",31
523,3003,113,"Spring 2027",53
524,1001,114,"Spring 2027",80
525,2005,115,"Spring 2027",36
526,3001,116,"Spring 2027",42
527,1002,117,"Spring 2027",67
528,2003,118,"Spring 2027",26
529,3004,119,"Spring 2027",48
530,1003,120,"Spring 2027",75
531,2001,121,"Spring 2027",30
532,3002,122,"Spring 2027",51
533,1004,123,"Spring 2027",84
534,2004,124,"Spring 2027",27
535,3005,125,"Spring 2027",41
536,1005,126,"Spring 2027",69
537,2002,127,"Spring 2027",32
538,3003,128,"Spring 2027",55
539,1001,129,"Spring 2027",83
540,2005,130,"Spring 2027",37
541,3001,131,"Spring 2027",48
542,1002,132,"Spring 2027",63
543,2003,133,"Spring 2027",29
544,3004,134,"Spring 2027",50
545,1003,135,"Spring 2027",74
546,2001,136,"Spring 2027",35
547,3002,137,"Spring 2027",47
548,1004,138,"Spring 2027",86
549,2004,139,"Spring 2027",24
550,3005,140,"Spring 2027",45
551,1005,141,"Spring 2027",71
552,2002,142,"Spring 2027",30
553,3003,143,"Spring 2027",52
554,1001,144,"Spring 2027",81
555,2005,145,"Spring 2027",34
556,3001,146,"Spring 2027",46
557,1002,147,"Spring 2027",66
558,2003,148,"Spring 2027",28
559,3004,149,"Spring 2027",49
560,1003,150,"Spring 2027",77
561,2001,151,"Spring 2027",33
562,3002,152,"Spring 2027",44
563,1004,153,"Spring 2027",89
564,2004,154,"Spring 2027",25
565,3005,155,"Spring 2027",40
566,1005,156,"Spring 2027",65
567,2002,157,"Spring 2027",31
568,3003,158,"Spring 2027",53
569,1001,159,"Spring 2027",80
570,2005,160,"Spring 2027",36
571,3001,161,"Spring 2027",42
572,1002,162,"Spring 2027",67
573,2003,163,"Spring 2027",26
574,3004,164,"Spring 2027",48
575,1003,165,"Spring 2027",75
576,2001,166,"Spring 2027",30
577,3002,167,"Spring 2027",51
578,1004,168,"Spring 2027",84
579,2004,169,"Spring 2027",27
580,3005,170,"Spring 2027",41
581,1005,171,"Spring 2027",69
582,2002,172,"Spring 2027",32
583,3003,173,"Spring 2027",55
584,1001,174,"Spring 2027",83
585,2005,175,"Spring 2027",37
586,3001,176,"Spring 2027",48
587,1002,177,"Spring 2027",63
588,2003,178,"Spring 2027",29
589,3004,179,"Spring 2027",50
590,1003,180,"Spring 2027",74
591,2001,181,"Spring 2027",35
592,3002,182,"Spring 2027",47
593,1004,183,"Spring 2027",86
594,2004,184,"Spring 2027",24
595,3005,185,"Spring 2027",45
596,1005,186,"Spring 2027",71
597,2002,187,"Spring 2027",30
598,3003,188,"Spring 2027",52
599,1001,189,"Spring 2027",81
600,2005,190,"Spring 2027",34
601,3001,191,"Spring 2027",46
602,1002,192,"Spring 2027",66
603,2003,193,"Spring 2027",28
604,3004,194,"Spring 2027",49
605,1003,195,"Spring 2027",77
606,2001,196,"Spring 2027",33
607,3002,197,"Spring 2027",44
608,1004,198,"Spring 2027",89
609,2004,199,"Spring 2027",25
610,3005,200,"Spring 2027",40
611,1005,101,"Spring 2027",65
612,2002,102,"Spring 2027",31
613,3003,103,"Spring 2027",53
614,1001,104,"Spring 2027",80
615,2005,105,"Spring 2027",36
616,3001,106,"Spring 2027",42
617,1002,107,"Spring 2027",67
618,2003,108,"Spring 2027",26
619,3004,109,"Spring 2027",48
620,1003,110,"Spring 2027",75
621,2001,111,"Spring 2027",30
622,3002,112,"Spring 2027",51
623,1004,113,"Spring 2027",84
624,2004,114,"Spring 2027",27
625,3005,115,"Spring 2027",41
626,1005,116,"Spring 2027",69
627,2002,117,"Spring 2027",32
628,3003,118,"Spring 2027",55
629,1001,119,"Spring 2027",83
630,2005,120,"Spring 2027",37
631,3001,121,"Spring 2027",48
632,1002,122,"Spring 2027",63
633,2003,123,"Spring 2027",29
634,3004,124,"Spring 2027",50
635,1003,125,"Spring 2027",74
636,2001,126,"Spring 2027",35
637,3002,127,"Spring 2027",47
638,1004,128,"Spring 2027",86
639,2004,129,"Spring 2027",24
640,3005,130,"Spring 2027",45
641,1005,131,"Spring 2027",71
642,2002,132,"Spring 2027",30
643,3003,133,"Spring 2027",52
644,1001,134,"Spring 2027",81
645,2005,135,"Spring 2027",34
646,3001,136,"Spring 2027",46
647,1002,137,"Spring 2027",66
648,2003,138,"Spring 2027",28
649,3004,139,"Spring 2027",49
650,1003,140,"Spring 2027",77
651,2001,141,"Spring 2027",33
652,3002,142,"Spring 2027",44
653,1004,143,"Spring 2027",89
654,2004,144,"Spring 2027",25
655,3005,145,"Spring 2027",40
656,1005,146,"Spring 2027",65
657,2002,147,"Spring 2027",31
658,3003,148,"Spring 2027",53
659,1001,149,"Spring 2027",80
660,2005,150,"Spring 2027",36
661,3001,151,"Spring 2027",42
662,1002,152,"Spring 2027",67
663,2003,153,"Spring 2027",26
664,3004,154,"Spring 2027",48
665,1003,155,"Spring 2027",75
666,2001,156,"Spring 2027",30
667,3002,157,"Spring 2027",51
668,1004,158,"Spring 2027",84
669,2004,159,"Spring 2027",27
670,3005,160,"Spring 2027",41
671,1005,161,"Spring 2027",69
672,2002,162,"Spring 2027",32
673,3003,163,"Spring 2027",55
674,1001,164,"Spring 2027",83
675,2005,165,"Spring 2027",37
676,3001,166,"Spring 2027",48
677,1002,167,"Spring 2027",63
678,2003,168,"Spring 2027",29
679,3004,169,"Spring 2027",50
680,1003,170,"Spring 2027",74
681,2001,171,"Spring 2027",35
682,3002,172,"Spring 2027",47
683,1004,173,"Spring 2027",86
684,2004,174,"Spring 2027",24
685,3005,175,"Spring 2027",45
686,1005,176,"Spring 2027",71
687,2002,177,"Spring 2027",30
688,3003,178,"Spring 2027",52
689,1001,179,"Spring 2027",81
690,2005,180,"Spring 2027",34
691,3001,181,"Spring 2027",46
692,1002,182,"Spring 2027",66
693,2003,183,"Spring 2027",28
694,3004,184,"Spring 2027",49
695,1003,185,"Spring 2027",77
696,2001,186,"Spring 2027",33
697,3002,187,"Spring 2027",44
698,1004,188,"Spring 2027",89
699,2004,189,"Spring 2027",25
700,3005,190,"Spring 2027",40
701,1005,191,"Spring 2027",65
702,2002,192,"Spring 2027",31
703,3003,193,"Spring 2027",53
704,1001,194,"Spring 2027",80
705,2005,195,"Spring 2027",36
706,3001,196,"Spring 2027",42
707,1002,197,"Spring 2027",67
708,2003,198,"Spring 2027",26
709,3004,199,"Spring 2027",48
710,1003,200,"Spring 2027",75
711,2001,101,"Fall 2027",30
712,3002,102,"Fall 2027",51
713,1004,103,"Fall 2027",84
714,2004,104,"Fall 2027",27
715,3005,105,"Fall 2027",41
716,1005,106,"Fall 2027",69
717,2002,107,"Fall 2027",32
718,3003,108,"Fall 2027",55
719,1001,109,"Fall 2027",83
720,2005,110,"Fall 2027",37
721,3001,111,"Fall 2027",48
722,1002,112,"Fall 2027",63
723,2003,113,"Fall 2027",29
724,3004,114,"Fall 2027",50
725,1003,115,"Fall 2027",74
726,2001,116,"Fall 2027",35
727,3002,117,"Fall 2027",47
728,1004,118,"Fall 2027",86
729,2004,119,"Fall 2027",24
730,3005,120,"Fall 2027",45
731,1005,121,"Fall 2027",71
732,2002,122,"Fall 2027",30
733,3003,123,"Fall 2027",52
734,1001,124,"Fall 2027",81
735,2005,125,"Fall 2027",34
736,3001,126,"Fall 2027",46
737,1002,127,"Fall 2027",66
738,2003,128,"Fall 2027",28
739,3004,129,"Fall 2027",49
740,1003,130,"Fall 2027",77
741,2001,131,"Fall 2027",33
742,3002,132,"Fall 2027",44
743,1004,133,"Fall 2027",89
744,2004,134,"Fall 2027",25
745,3005,135,"Fall 2027",40
746,1005,136,"Fall 2027",65
747,2002,137,"Fall 2027",31
748,3003,138,"Fall 2027",53
749,1001,139,"Fall 2027",80
750,2005,140,"Fall 2027",36
751,3001,141,"Fall 2027",42
752,1002,142,"Fall 2027",67
753,2003,143,"Fall 2027",26
754,3004,144,"Fall 2027",48
755,1003,145,"Fall 2027",75
756,2001,146,"Fall 2027",30
757,3002,147,"Fall 2027",51
758,1004,148,"Fall 2027",84
759,2004,149,"Fall 2027",27
760,3005,150,"Fall 2027",41
761,1005,151,"Fall 2027",69
762,2002,152,"Fall 2027",32
763,3003,153,"Fall 2027",55
764,2004,154,"Fall 2027",24
765,3005,155,"Fall 2027",45
766,1005,156,"Fall 2027",71
767,2002,157,"Fall 2027",30
768,3003,158,"Fall 2027",52
769,1001,159,"Fall 2027",81
770,2005,160,"Fall 2027",34
771,3001,161,"Fall 2027",46
772,1002,162,"Fall 2027",66
773,2003,163,"Fall 2027",28
774,3004,164,"Fall 2027",49
775,1003,165,"Fall 2027",77
776,2001,166,"Fall 2027",33
777,3002,167,"Fall 2027",44
778,1004,168,"Fall 2027",89
779,2004,169,"Fall 2027",25
780,3005,170,"Fall 2027",40
781,1005,171,"Fall 2027",65
782,2002,172,"Fall 2027",31
783,3003,173,"Fall 2027",53
784,1001,174,"Fall 2027",80
785,2005,175,"Fall 2027",36
786,3001,176,"Fall 2027",42
787,1002,177,"Fall 2027",67
788,2003,178,"Fall 2027",26
789,3004,179,"Fall 2027",48
790,1003,180,"Fall 2027",75
791,2001,181,"Fall 2027",30
792,3002,182,"Fall 2027",51
793,1004,183,"Fall 2027",84
794,2004,184,"Fall 2027",27
795,3005,185,"Fall 2027",41
796,1005,186,"Fall 2027",69
797,2002,187,"Fall 2027",32
798,3003,188,"Fall 2027",55
799,1001,189,"Fall 2027",83
800,2005,190,"Fall 2027",37
801,3001,191,"Fall 2027",48
802,1002,192,"Fall 2027",63
803,2003,193,"Fall 2027",29
804,3004,194,"Fall 2027",50
805,1003,195,"Fall 2027",74
806,2001,196,"Fall 2027",35
807,3002,197,"Fall 2027",47
808,1004,198,"Fall 2027",86
809,2004,199,"Fall 2027",24
810,3005,200,"Fall 2027",45
811,1005,101,"Fall 2027",71
812,2002,102,"Fall 2027",30
813,3003,103,"Fall 2027",52
814,1001,104,"Fall 2027",81
815,2005,105,"Fall 2027",34
816,3001,106,"Fall 2027",46
817,1002,107,"Fall 2027",66
818,2003,108,"Fall 2027",28
819,3004,109,"Fall 2027",49
820,1003,110,"Fall 2027",77
821,2001,111,"Fall 2027",33
822,3002,112,"Fall 2027",44
823,1004,113,"Fall 2027",89
824,2004,114,"Fall 2027",25
825,3005,115,"Fall 2027",40
826,1005,116,"Fall 2027",65
827,2002,117,"Fall 2027",31
828,3003,118,"Fall 2027",53
829,1001,119,"Fall 2027",80
830,2005,120,"Fall 2027",36
831,3001,121,"Fall 2027",42
832,1002,122,"Fall 2027",67
833,2003,123,"Fall 2027",26
834,3004,124,"Fall 2027",48
835,1003,125,"Fall 2027",75
836,2001,126,"Fall 2027",30
837,3002,127,"Fall 2027",51
838,1004,128,"Fall 2027",84
839,2004,129,"Fall 2027",27
840,3005,130,"Fall 2027",41
841,1005,131,"Fall 2027",69
842,2002,132,"Fall 2027",32
843,3003,133,"Fall 2027",55
844,1001,134,"Fall 2027",83
845,2005,135,"Fall 2027",37
846,3001,136,"Fall 2027",48
847,1002,137,"Fall 2027",63
848,2003,138,"Fall 2027",29
849,3004,139,"Fall 2027",50
850,1003,140,"Fall 2027",74
851,2001,141,"Fall 2027",35
852,3002,142,"Fall 2027",47
853,1004,143,"Fall 2027",86
854,2004,144,"Fall 2027",24
855,3005,145,"Fall 2027",45
856,1005,146,"Fall 2027",71
857,2002,147,"Fall 2027",30
858,3003,148,"Fall 2027",52
859,1001,149,"Fall 2027",81
860,2005,150,"Fall 2027",34
861,3001,151,"Fall 2027",46
862,1002,152,"Fall 2027",66
863,2003,153,"Fall 2027",28
864,3004,154,"Fall 2027",49
865,1003,155,"Fall 2027",77
866,2001,156,"Fall 2027",33
867,3002,157,"Fall 2027",44
868,1004,158,"Fall 2027",89
869,2004,159,"Fall 2027",25
870,3005,160,"Fall 2027",40
871,1005,161,"Fall 2027",65
872,2002,162,"Fall 2027",31
873,3003,163,"Fall 2027",53
874,1001,164,"Fall 2027",80
875,2005,165,"Fall 2027",36
876,3001,166,"Fall 2027",42
877,1002,167,"Fall 2027",67
878,2003,168,"Fall 2027",26
879,3004,169,"Fall 2027",48
880,1003,170,"Fall 2027",75
881,2001,171,"Fall 2027",30
882,3002,172,"Fall 2027",51
883,1004,173,"Fall 2027",84
884,2004,174,"Fall 2027",27
885,3005,175,"Fall 2027",41
886,1005,176,"Fall 2027",69
887,2002,177,"Fall 2027",32
888,3003,178,"Fall 2027",55
889,1001,179,"Fall 2027",83
890,2005,180,"Fall 2027",37
891,3001,181,"Fall 2027",48
892,1002,182,"Fall 2027",63
893,2003,183,"Fall 2027",29
894,3004,184,"Fall 2027",50
895,1003,185,"Fall 2027",74
896,2001,186,"Fall 2027",35
897,3002,187,"Fall 2027",47
898,1004,188,"Fall 2027",86
899,2004,189,"Fall 2027",24
900,3005,190,"Fall 2027",45
901,1005,191,"Fall 2027",71
902,2002,192,"Fall 2027",30
903,3003,193,"Fall 2027",52
904,1001,194,"Fall 2027",81
905,2005,195,"Fall 2027",34
906,3001,196,"Fall 2027",46
907,1002,197,"Fall 2027",66
908,2003,198,"Fall 2027",28
909,3004,199,"Fall 2027",49
910,1003,200,"Fall 2027",77
911,2001,101,"Spring 2028",33
912,3002,102,"Spring 2028",44
913,1004,103,"Spring 2028",89
914,2004,104,"Spring 2028",25
915,3005,105,"Spring 2028",40
916,1005,106,"Spring 2028",65
917,2002,107,"Spring 2028",31
918,3003,108,"Spring 2028",53
919,1001,109,"Spring 2028",80
920,2005,110,"Spring 2028",36
921,3001,111,"Spring 2028",42
922,1002,112,"Spring 2028",67
923,2003,113,"Spring 2028",26
924,3004,114,"Spring 2028",48
925,1003,115,"Spring 2028",75
926,2001,116,"Spring 2028",30
927,3002,117,"Spring 2028",51
928,1004,118,"Spring 2028",84
929,2004,119,"Spring 2028",27
930,3005,120,"Spring 2028",41
931,1005,121,"Spring 2028",69
932,2002,122,"Spring 2028",32
933,3003,123,"Spring 2028",55
934,1001,124,"Spring 2028",83
935,2005,125,"Spring 2028",37
936,3001,126,"Spring 2028",48
937,1002,127,"Spring 2028",63
938,2003,128,"Spring 2028",29
939,3004,129,"Spring 2028",50
940,1003,130,"Spring 2028",74
941,2001,131,"Spring 2028",35
942,3002,132,"Spring 2028",47
943,1004,133,"Spring 2028",86
944,2004,134,"Spring 2028",24
945,3005,135,"Spring 2028",45
946,1005,136,"Spring 2028",71
947,2002,137,"Spring 2028",30
948,3003,138,"Spring 2028",52
949,1001,139,"Spring 2028",81
950,2005,140,"Spring 2028",34
951,3001,141,"Spring 2028",46
952,1002,142,"Spring 2028",66
953,2003,143,"Spring 2028",28
954,3004,144,"Spring 2028",49
955,1003,145,"Spring 2028",77
956,2001,146,"Spring 2028",33
957,3002,147,"Spring 2028",44
958,1004,148,"Spring 2028",89
959,2004,149,"Spring 2028",25
960,3005,150,"Spring 2028",40
961,1005,151,"Spring 2028",65
962,2002,152,"Spring 2028",31
963,3003,153,"Spring 2028",53
964,1001,154,"Spring 2028",80
965,2005,155,"Spring 2028",36
966,3001,156,"Spring 2028",42
967,1002,157,"Spring 2028",67
968,2003,158,"Spring 2028",26
969,3004,159,"Spring 2028",48
970,1003,160,"Spring 2028",75
971,2001,161,"Spring 2028",30
972,3002,162,"Spring 2028",51
973,1004,163,"Spring 2028",84
974,2004,164,"Spring 2028",27
975,3005,165,"Spring 2028",41
976,1005,166,"Spring 2028",69
977,2002,167,"Spring 2028",32
978,3003,168,"Spring 2028",55
979,1001,169,"Spring 2028",83
980,2005,170,"Spring 2028",37
981,3001,171,"Spring 2028",48
982,1002,172,"Spring 2028",63
983,2003,173,"Spring 2028",29
984,3004,174,"Spring 2028",50
985,1003,175,"Spring 2028",74
986,2001,176,"Spring 2028",35
987,3002,177,"Spring 2028",47
988,1004,178,"Spring 2028",86
989,2004,179,"Spring 2028",24
990,3005,180,"Spring 2028",45
991,1005,181,"Spring 2028",71
992,2002,182,"Spring 2028",30
993,3003,183,"Spring 2028",52
994,1001,184,"Spring 2028",81
995,2005,185,"Spring 2028",34
996,3001,186,"Spring 2028",46
997,1002,187,"Spring 2028",66
998,2003,188,"Spring 2028",28
999,3004,189,"Spring 2028",49
1000,1003,190,"Spring 2028",77
1001,2001,191,"Spring 2028",33
1002,3002,192,"Spring 2028",44
1003,1004,193,"Spring 2028",89
1004,2004,194,"Spring 2028",25
1005,3005,195,"Spring 2028",40
1006,1005,196,"Spring 2028",65
1007,2002,197,"Spring 2028",31
1008,3003,198,"Spring 2028",53
1009,1001,199,"Spring 2028",80
1010,2005,200,"Spring 2028",36
1011,3001,101,"Spring 2028",42
1012,1002,102,"Spring 2028",67
1013,2003,103,"Spring 2028",26
1014,3004,104,"Spring 2028",48
1015,1003,105,"Spring 2028",75
1016,2001,106,"Spring 2028",30
1017,3002,107,"Spring 2028",51
1018,1004,108,"Spring 2028",84
1019,2004,109,"Spring 2028",27
1020,3005,110,"Spring 2028",41
1021,1005,111,"Spring 2028",69
1022,2002,112,"Spring 2028",32
1023,3003,113,"Spring 2028",55
1024,1001,114,"Spring 2028",83
1025,2005,115,"Spring 2028",37
1026,3001,116,"Spring 2028",48
1027,1002,117,"Spring 2028",63
1028,2003,118,"Spring 2028",29
1029,3004,119,"Spring 2028",50
1030,1003,120,"Spring 2028",74
1031,2001,121,"Spring 2028",35
1032,3002,122,"Spring 2028",47
1033,1004,123,"Spring 2028",86
1034,2004,124,"Spring 2028",24
1035,3005,125,"Spring 2028",45
1036,1005,126,"Spring 2028",71
1037,2002,127,"Spring 2028",30
1038,3003,128,"Spring 2028",52
1039,1001,129,"Spring 2028",81
1040,2005,130,"Spring 2028",34
1041,3001,131,"Spring 2028",46
1042,1002,132,"Spring 2028",66
1043,2003,133,"Spring 2028",28
1044,3004,134,"Spring 2028",49
1045,1003,135,"Spring 2028",77
1046,2001,136,"Spring 2028",33
1047,3002,137,"Spring 2028",44
1048,1004,138,"Spring 2028",89
1049,2004,139,"Spring 2028",25
1050,3005,140,"Spring 2028",40
1051,1005,141,"Spring 2028",65
1052,2002,142,"Spring 2028",31
1053,3003,143,"Spring 2028",53
1054,1001,144,"Spring 2028",80
1055,2005,145,"Spring 2028",36
1056,3001,146,"Spring 2028",42
1057,1002,147,"Spring 2028",67
1058,2003,148,"Spring 2028",26
1059,3004,149,"Spring 2028",48
1060,1003,150,"Spring 2028",75
1061,2001,151,"Spring 2028",30
1062,3002,152,"Spring 2028",51
1063,1004,153,"Spring 2028",84
